Wall time,Step,Value
1533274395.555987,115,0.702850878238678
1533274457.8543444,230,0.7050438523292542
1533274521.5853631,345,0.781798243522644
1533274585.0487752,460,0.8826754093170166
1533274647.9429893,575,0.906798243522644
1533274711.091075,690,0.8815789222717285
1533274774.0304742,805,0.9078947305679321
1533274837.240579,920,0.922149121761322
1533274900.3317757,1035,0.9013158082962036
1533274963.527713,1150,0.9375
1533275027.391409,1265,0.9561403393745422
1533275090.9041202,1380,0.9484649300575256
1533275155.2126682,1495,0.9802631735801697
1533275219.1888447,1610,0.984649121761322
1533275282.487559,1725,0.9725877046585083
1533275346.3248568,1840,0.9342105388641357
1533275410.4792233,1955,0.9824561476707458
1533275473.904184,2070,0.9769737124443054
1533275538.5865915,2185,0.9824561476707458
1533275602.300756,2300,0.9868420958518982
1533275666.0828638,2415,0.9824561476707458
1533275730.0050945,2530,0.9890350699424744
1533275793.2530951,2645,0.9956140518188477
1533275855.7362497,2760,0.9890350699424744
1533275919.046054,2875,0.9901315569877625
1533275982.3237822,2990,0.9912280440330505
1533276045.2417188,3105,0.9923245906829834
1533276108.8359537,3220,0.9912280440330505
1533276172.1099555,3335,0.9945175647735596
1533276238.5169158,3450,0.9901315569877625
