Wall time,Step,Value
1533278532.5737607,115,0.7171052694320679
1533278605.038762,230,0.7105262875556946
1533278677.2984297,345,0.7872806787490845
1533278743.4837556,460,0.8168859481811523
1533278807.8865108,575,0.905701756477356
1533278873.9213812,690,0.8958333134651184
1533278939.5657005,805,0.922149121761322
1533279004.937127,920,0.9320175647735596
1533279069.2215402,1035,0.9188596606254578
1533279135.0069263,1150,0.9188596606254578
1533279199.7646077,1265,0.9462719559669495
1533279265.3608017,1380,0.9331140518188477
1533279331.269408,1495,0.9616228342056274
1533279396.1032019,1610,0.9484649300575256
1533279462.5825286,1725,0.9407894611358643
1533279528.2578878,1840,0.969298243522644
1533279593.719776,1955,0.9703947305679321
1533279660.2105994,2070,0.9758771657943726
1533279726.0153449,2185,0.9627193212509155
1533279791.2184796,2300,0.9736841917037964
1533279883.445937,2415,0.9736841917037964
1533280015.1695218,2530,0.9802631735801697
1533280171.8423011,2645,0.9758771657943726
1533280287.6378357,2760,0.9758771657943726
1533280455.7320507,2875,0.9890350699424744
1533280588.6488235,2990,0.9868420958518982
1533280708.7042458,3105,0.9857456088066101
1533280829.1509795,3220,0.9824561476707458
1533280990.953804,3335,0.9868420958518982
1533281093.2485423,3450,0.9868420958518982
