Wall time,Step,Value
1533281592.2883117,114,0.7551912665367126
1533281656.4893727,228,0.7497267723083496
1533281720.732545,342,0.8316940069198608
1533281785.2129912,456,0.8655737638473511
1533281880.5019267,570,0.893989086151123
1533282016.4015942,684,0.9071038365364075
1533282139.5872123,798,0.9245901703834534
1533282278.0945532,912,0.9256830811500549
1533282464.539338,1026,0.9366120100021362
1533282657.5025246,1140,0.9311475157737732
1533282796.9665327,1254,0.9453551769256592
1533282859.9949985,1368,0.9431694149971008
1533282922.4612653,1482,0.9540983438491821
1533282985.3964913,1596,0.9584699273109436
1533283048.103329,1710,0.9672130942344666
1533283110.9649909,1824,0.9639344215393066
1533283173.6968734,1938,0.9846994280815125
1533283236.728523,2052,0.9792349934577942
1533283298.8016138,2166,0.985792338848114
1533283361.2154686,2280,0.9759562611579895
1533283423.3204787,2394,0.9836065769195557
1533283485.8065033,2508,0.9846994280815125
1533283548.1569703,2622,0.9814207553863525
1533283609.9975612,2736,0.9846994280815125
1533283671.6935375,2850,0.9868852496147156
1533283734.3640847,2964,0.9934425950050354
1533283796.9229722,3078,0.9901639223098755
1533283859.397227,3192,0.9879781603813171
1533283921.0458744,3306,0.9923497438430786
1533283982.8680027,3420,0.9934425950050354
