Wall time,Step,Value
1533272399.8601935,115,0.7127193212509155
1533272462.881282,230,0.7258771657943726
1533272526.273917,345,0.7697368264198303
1533272590.001075,460,0.8256579041481018
1533272653.4562573,575,0.8804824352264404
1533272716.5504718,690,0.9111841917037964
1533272779.5072231,805,0.9144737124443054
1533272842.9574227,920,0.9035087823867798
1533272905.7037919,1035,0.9561403393745422
1533272968.6454515,1150,0.9298245906829834
1533273030.8477116,1265,0.9725877046585083
1533273093.3843482,1380,0.9736841917037964
1533273155.726877,1495,0.9583333134651184
1533273218.00095,1610,0.9813596606254578
1533273281.0939338,1725,0.9616228342056274
1533273344.751649,1840,0.9780701994895935
1533273407.901015,1955,0.9758771657943726
1533273470.8075569,2070,0.968201756477356
1533273534.2676573,2185,0.9835526347160339
1533273597.7705154,2300,0.9879385828971863
1533273660.536455,2415,0.9736841917037964
1533273724.4044065,2530,0.9791666865348816
1533273787.2869358,2645,0.9868420958518982
1533273850.3213258,2760,0.9758771657943726
1533273913.5737906,2875,0.9835526347160339
1533273976.4800527,2990,0.9824561476707458
1533274039.2571018,3105,0.984649121761322
1533274101.8979661,3220,0.9824561476707458
1533274165.144893,3335,0.9824561476707458
1533274227.9600801,3450,0.9879385828971863
